{"name":"das-boot","classpathEntries":[{"kind":"binary","path":"C:\\Program Files\\Java\\jdk1.8.0_121\\jre\\lib\\resources.jar","javadocContainerUrl":"https://docs.oracle.com/javase/1/docs/api/","isSystem":true,"isOwn":false,"isTest":false,"isJavaContent":false},{"kind":"binary","path":"C:\\Program Files\\Java\\jdk1.8.0_121\\jre\\lib\\rt.jar","javadocContainerUrl":"https://docs.oracle.com/javase/1/docs/api/","isSystem":true,"isOwn":false,"isTest":false,"isJavaContent":false},{"kind":"binary","path":"C:\\Program Files\\Java\\jdk1.8.0_121\\jre\\lib\\jsse.jar","javadocContainerUrl":"https://docs.oracle.com/javase/1/docs/api/","isSystem":true,"isOwn":false,"isTest":false,"isJavaContent":false},{"kind":"binary","path":"C:\\Program Files\\Java\\jdk1.8.0_121\\jre\\lib\\jce.jar","javadocContainerUrl":"https://docs.oracle.com/javase/1/docs/api/","isSystem":true,"isOwn":false,"isTest":false,"isJavaContent":false},{"kind":"binary","path":"C:\\Program Files\\Java\\jdk1.8.0_121\\jre\\lib\\charsets.jar","javadocContainerUrl":"https://docs.oracle.com/javase/1/docs/api/","isSystem":true,"isOwn":false,"isTest":false,"isJavaContent":false},{"kind":"binary","path":"C:\\Program Files\\Java\\jdk1.8.0_121\\jre\\lib\\jfr.jar","javadocContainerUrl":"https://docs.oracle.com/javase/1/docs/api/","isSystem":true,"isOwn":false,"isTest":false,"isJavaContent":false},{"kind":"binary","path":"C:\\Users\\514500\\.m2\\repository\\org\\springframework\\boot\\spring-boot-starter-web\\1.3.1.RELEASE\\spring-boot-starter-web-1.3.1.RELEASE.jar","sourceContainerUrl":"file:/C:/Users/514500/.m2/repository/org/springframework/boot/spring-boot-starter-web/1.3.1.RELEASE/spring-boot-starter-web-1.3.1.RELEASE-sources.jar","isSystem":false,"isOwn":false,"isTest":false,"isJavaContent":false},{"kind":"binary","path":"C:\\Users\\514500\\.m2\\repository\\org\\springframework\\boot\\spring-boot-starter\\1.3.1.RELEASE\\spring-boot-starter-1.3.1.RELEASE.jar","sourceContainerUrl":"file:/C:/Users/514500/.m2/repository/org/springframework/boot/spring-boot-starter/1.3.1.RELEASE/spring-boot-starter-1.3.1.RELEASE-sources.jar","isSystem":false,"isOwn":false,"isTest":false,"isJavaContent":false},{"kind":"binary","path":"C:\\Users\\514500\\.m2\\repository\\org\\springframework\\boot\\spring-boot\\1.3.1.RELEASE\\spring-boot-1.3.1.RELEASE.jar","sourceContainerUrl":"file:/C:/Users/514500/.m2/repository/org/springframework/boot/spring-boot/1.3.1.RELEASE/spring-boot-1.3.1.RELEASE-sources.jar","javadocContainerUrl":"file:/C:/Users/514500/.m2/repository/org/springframework/boot/spring-boot/1.3.1.RELEASE/spring-boot-1.3.1.RELEASE-javadoc.jar","isSystem":false,"isOwn":false,"isTest":false,"isJavaContent":false},{"kind":"binary","path":"C:\\Users\\514500\\.m2\\repository\\org\\springframework\\boot\\spring-boot-autoconfigure\\1.3.1.RELEASE\\spring-boot-autoconfigure-1.3.1.RELEASE.jar","sourceContainerUrl":"file:/C:/Users/514500/.m2/repository/org/springframework/boot/spring-boot-autoconfigure/1.3.1.RELEASE/spring-boot-autoconfigure-1.3.1.RELEASE-sources.jar","javadocContainerUrl":"file:/C:/Users/514500/.m2/repository/org/springframework/boot/spring-boot-autoconfigure/1.3.1.RELEASE/spring-boot-autoconfigure-1.3.1.RELEASE-javadoc.jar","isSystem":false,"isOwn":false,"isTest":false,"isJavaContent":false},{"kind":"binary","path":"C:\\Users\\514500\\.m2\\repository\\org\\springframework\\boot\\spring-boot-starter-logging\\1.3.1.RELEASE\\spring-boot-starter-logging-1.3.1.RELEASE.jar","sourceContainerUrl":"file:/C:/Users/514500/.m2/repository/org/springframework/boot/spring-boot-starter-logging/1.3.1.RELEASE/spring-boot-starter-logging-1.3.1.RELEASE-sources.jar","isSystem":false,"isOwn":false,"isTest":false,"isJavaContent":false},{"kind":"binary","path":"C:\\Users\\514500\\.m2\\repository\\ch\\qos\\logback\\logback-classic\\1.1.3\\logback-classic-1.1.3.jar","sourceContainerUrl":"file:/C:/Users/514500/.m2/repository/ch/qos/logback/logback-classic/1.1.3/logback-classic-1.1.3-sources.jar","javadocContainerUrl":"file:/C:/Users/514500/.m2/repository/ch/qos/logback/logback-classic/1.1.3/logback-classic-1.1.3-javadoc.jar","isSystem":false,"isOwn":false,"isTest":false,"isJavaContent":false},{"kind":"binary","path":"C:\\Users\\514500\\.m2\\repository\\ch\\qos\\logback\\logback-core\\1.1.3\\logback-core-1.1.3.jar","sourceContainerUrl":"file:/C:/Users/514500/.m2/repository/ch/qos/logback/logback-core/1.1.3/logback-core-1.1.3-sources.jar","javadocContainerUrl":"file:/C:/Users/514500/.m2/repository/ch/qos/logback/logback-core/1.1.3/logback-core-1.1.3-javadoc.jar","isSystem":false,"isOwn":false,"isTest":false,"isJavaContent":false},{"kind":"binary","path":"C:\\Users\\514500\\.m2\\repository\\org\\slf4j\\jul-to-slf4j\\1.7.13\\jul-to-slf4j-1.7.13.jar","sourceContainerUrl":"file:/C:/Users/514500/.m2/repository/org/slf4j/jul-to-slf4j/1.7.13/jul-to-slf4j-1.7.13-sources.jar","javadocContainerUrl":"file:/C:/Users/514500/.m2/repository/org/slf4j/jul-to-slf4j/1.7.13/jul-to-slf4j-1.7.13-javadoc.jar","isSystem":false,"isOwn":false,"isTest":false,"isJavaContent":false},{"kind":"binary","path":"C:\\Users\\514500\\.m2\\repository\\org\\slf4j\\log4j-over-slf4j\\1.7.13\\log4j-over-slf4j-1.7.13.jar","sourceContainerUrl":"file:/C:/Users/514500/.m2/repository/org/slf4j/log4j-over-slf4j/1.7.13/log4j-over-slf4j-1.7.13-sources.jar","javadocContainerUrl":"file:/C:/Users/514500/.m2/repository/org/slf4j/log4j-over-slf4j/1.7.13/log4j-over-slf4j-1.7.13-javadoc.jar","isSystem":false,"isOwn":false,"isTest":false,"isJavaContent":false},{"kind":"binary","path":"C:\\Users\\514500\\.m2\\repository\\org\\springframework\\spring-core\\4.2.4.RELEASE\\spring-core-4.2.4.RELEASE.jar","sourceContainerUrl":"file:/C:/Users/514500/.m2/repository/org/springframework/spring-core/4.2.4.RELEASE/spring-core-4.2.4.RELEASE-sources.jar","javadocContainerUrl":"file:/C:/Users/514500/.m2/repository/org/springframework/spring-core/4.2.4.RELEASE/spring-core-4.2.4.RELEASE-javadoc.jar","isSystem":false,"isOwn":false,"isTest":false,"isJavaContent":false},{"kind":"binary","path":"C:\\Users\\514500\\.m2\\repository\\org\\yaml\\snakeyaml\\1.16\\snakeyaml-1.16.jar","sourceContainerUrl":"file:/C:/Users/514500/.m2/repository/org/yaml/snakeyaml/1.16/snakeyaml-1.16-sources.jar","javadocContainerUrl":"file:/C:/Users/514500/.m2/repository/org/yaml/snakeyaml/1.16/snakeyaml-1.16-javadoc.jar","isSystem":false,"isOwn":false,"isTest":false,"isJavaContent":false},{"kind":"binary","path":"C:\\Users\\514500\\.m2\\repository\\org\\springframework\\boot\\spring-boot-starter-tomcat\\1.3.1.RELEASE\\spring-boot-starter-tomcat-1.3.1.RELEASE.jar","sourceContainerUrl":"file:/C:/Users/514500/.m2/repository/org/springframework/boot/spring-boot-starter-tomcat/1.3.1.RELEASE/spring-boot-starter-tomcat-1.3.1.RELEASE-sources.jar","isSystem":false,"isOwn":false,"isTest":false,"isJavaContent":false},{"kind":"binary","path":"C:\\Users\\514500\\.m2\\repository\\org\\apache\\tomcat\\embed\\tomcat-embed-core\\8.0.30\\tomcat-embed-core-8.0.30.jar","sourceContainerUrl":"file:/C:/Users/514500/.m2/repository/org/apache/tomcat/embed/tomcat-embed-core/8.0.30/tomcat-embed-core-8.0.30-sources.jar","isSystem":false,"isOwn":false,"isTest":false,"isJavaContent":false},{"kind":"binary","path":"C:\\Users\\514500\\.m2\\repository\\org\\apache\\tomcat\\embed\\tomcat-embed-el\\8.0.30\\tomcat-embed-el-8.0.30.jar","sourceContainerUrl":"file:/C:/Users/514500/.m2/repository/org/apache/tomcat/embed/tomcat-embed-el/8.0.30/tomcat-embed-el-8.0.30-sources.jar","isSystem":false,"isOwn":false,"isTest":false,"isJavaContent":false},{"kind":"binary","path":"C:\\Users\\514500\\.m2\\repository\\org\\apache\\tomcat\\embed\\tomcat-embed-logging-juli\\8.0.30\\tomcat-embed-logging-juli-8.0.30.jar","sourceContainerUrl":"file:/C:/Users/514500/.m2/repository/org/apache/tomcat/embed/tomcat-embed-logging-juli/8.0.30/tomcat-embed-logging-juli-8.0.30-sources.jar","isSystem":false,"isOwn":false,"isTest":false,"isJavaContent":false},{"kind":"binary","path":"C:\\Users\\514500\\.m2\\repository\\org\\apache\\tomcat\\embed\\tomcat-embed-websocket\\8.0.30\\tomcat-embed-websocket-8.0.30.jar","sourceContainerUrl":"file:/C:/Users/514500/.m2/repository/org/apache/tomcat/embed/tomcat-embed-websocket/8.0.30/tomcat-embed-websocket-8.0.30-sources.jar","isSystem":false,"isOwn":false,"isTest":false,"isJavaContent":false},{"kind":"binary","path":"C:\\Users\\514500\\.m2\\repository\\org\\springframework\\boot\\spring-boot-starter-validation\\1.3.1.RELEASE\\spring-boot-starter-validation-1.3.1.RELEASE.jar","sourceContainerUrl":"file:/C:/Users/514500/.m2/repository/org/springframework/boot/spring-boot-starter-validation/1.3.1.RELEASE/spring-boot-starter-validation-1.3.1.RELEASE-sources.jar","isSystem":false,"isOwn":false,"isTest":false,"isJavaContent":false},{"kind":"binary","path":"C:\\Users\\514500\\.m2\\repository\\org\\hibernate\\hibernate-validator\\5.2.2.Final\\hibernate-validator-5.2.2.Final.jar","sourceContainerUrl":"file:/C:/Users/514500/.m2/repository/org/hibernate/hibernate-validator/5.2.2.Final/hibernate-validator-5.2.2.Final-sources.jar","isSystem":false,"isOwn":false,"isTest":false,"isJavaContent":false},{"kind":"binary","path":"C:\\Users\\514500\\.m2\\repository\\javax\\validation\\validation-api\\1.1.0.Final\\validation-api-1.1.0.Final.jar","sourceContainerUrl":"file:/C:/Users/514500/.m2/repository/javax/validation/validation-api/1.1.0.Final/validation-api-1.1.0.Final-sources.jar","javadocContainerUrl":"file:/C:/Users/514500/.m2/repository/javax/validation/validation-api/1.1.0.Final/validation-api-1.1.0.Final-javadoc.jar","isSystem":false,"isOwn":false,"isTest":false,"isJavaContent":false},{"kind":"binary","path":"C:\\Users\\514500\\.m2\\repository\\com\\fasterxml\\classmate\\1.1.0\\classmate-1.1.0.jar","sourceContainerUrl":"file:/C:/Users/514500/.m2/repository/com/fasterxml/classmate/1.1.0/classmate-1.1.0-sources.jar","javadocContainerUrl":"file:/C:/Users/514500/.m2/repository/com/fasterxml/classmate/1.1.0/classmate-1.1.0-javadoc.jar","isSystem":false,"isOwn":false,"isTest":false,"isJavaContent":false},{"kind":"binary","path":"C:\\Users\\514500\\.m2\\repository\\com\\fasterxml\\jackson\\core\\jackson-databind\\2.6.4\\jackson-databind-2.6.4.jar","sourceContainerUrl":"file:/C:/Users/514500/.m2/repository/com/fasterxml/jackson/core/jackson-databind/2.6.4/jackson-databind-2.6.4-sources.jar","javadocContainerUrl":"file:/C:/Users/514500/.m2/repository/com/fasterxml/jackson/core/jackson-databind/2.6.4/jackson-databind-2.6.4-javadoc.jar","isSystem":false,"isOwn":false,"isTest":false,"isJavaContent":false},{"kind":"binary","path":"C:\\Users\\514500\\.m2\\repository\\com\\fasterxml\\jackson\\core\\jackson-annotations\\2.6.4\\jackson-annotations-2.6.4.jar","sourceContainerUrl":"file:/C:/Users/514500/.m2/repository/com/fasterxml/jackson/core/jackson-annotations/2.6.4/jackson-annotations-2.6.4-sources.jar","javadocContainerUrl":"file:/C:/Users/514500/.m2/repository/com/fasterxml/jackson/core/jackson-annotations/2.6.4/jackson-annotations-2.6.4-javadoc.jar","isSystem":false,"isOwn":false,"isTest":false,"isJavaContent":false},{"kind":"binary","path":"C:\\Users\\514500\\.m2\\repository\\com\\fasterxml\\jackson\\core\\jackson-core\\2.6.4\\jackson-core-2.6.4.jar","sourceContainerUrl":"file:/C:/Users/514500/.m2/repository/com/fasterxml/jackson/core/jackson-core/2.6.4/jackson-core-2.6.4-sources.jar","javadocContainerUrl":"file:/C:/Users/514500/.m2/repository/com/fasterxml/jackson/core/jackson-core/2.6.4/jackson-core-2.6.4-javadoc.jar","isSystem":false,"isOwn":false,"isTest":false,"isJavaContent":false},{"kind":"binary","path":"C:\\Users\\514500\\.m2\\repository\\org\\springframework\\spring-web\\4.2.4.RELEASE\\spring-web-4.2.4.RELEASE.jar","sourceContainerUrl":"file:/C:/Users/514500/.m2/repository/org/springframework/spring-web/4.2.4.RELEASE/spring-web-4.2.4.RELEASE-sources.jar","javadocContainerUrl":"file:/C:/Users/514500/.m2/repository/org/springframework/spring-web/4.2.4.RELEASE/spring-web-4.2.4.RELEASE-javadoc.jar","isSystem":false,"isOwn":false,"isTest":false,"isJavaContent":false},{"kind":"binary","path":"C:\\Users\\514500\\.m2\\repository\\org\\springframework\\spring-aop\\4.2.4.RELEASE\\spring-aop-4.2.4.RELEASE.jar","sourceContainerUrl":"file:/C:/Users/514500/.m2/repository/org/springframework/spring-aop/4.2.4.RELEASE/spring-aop-4.2.4.RELEASE-sources.jar","javadocContainerUrl":"file:/C:/Users/514500/.m2/repository/org/springframework/spring-aop/4.2.4.RELEASE/spring-aop-4.2.4.RELEASE-javadoc.jar","isSystem":false,"isOwn":false,"isTest":false,"isJavaContent":false},{"kind":"binary","path":"C:\\Users\\514500\\.m2\\repository\\aopalliance\\aopalliance\\1.0\\aopalliance-1.0.jar","sourceContainerUrl":"file:/C:/Users/514500/.m2/repository/aopalliance/aopalliance/1.0/aopalliance-1.0-sources.jar","isSystem":false,"isOwn":false,"isTest":false,"isJavaContent":false},{"kind":"binary","path":"C:\\Users\\514500\\.m2\\repository\\org\\springframework\\spring-beans\\4.2.4.RELEASE\\spring-beans-4.2.4.RELEASE.jar","sourceContainerUrl":"file:/C:/Users/514500/.m2/repository/org/springframework/spring-beans/4.2.4.RELEASE/spring-beans-4.2.4.RELEASE-sources.jar","javadocContainerUrl":"file:/C:/Users/514500/.m2/repository/org/springframework/spring-beans/4.2.4.RELEASE/spring-beans-4.2.4.RELEASE-javadoc.jar","isSystem":false,"isOwn":false,"isTest":false,"isJavaContent":false},{"kind":"binary","path":"C:\\Users\\514500\\.m2\\repository\\org\\springframework\\spring-context\\4.2.4.RELEASE\\spring-context-4.2.4.RELEASE.jar","sourceContainerUrl":"file:/C:/Users/514500/.m2/repository/org/springframework/spring-context/4.2.4.RELEASE/spring-context-4.2.4.RELEASE-sources.jar","javadocContainerUrl":"file:/C:/Users/514500/.m2/repository/org/springframework/spring-context/4.2.4.RELEASE/spring-context-4.2.4.RELEASE-javadoc.jar","isSystem":false,"isOwn":false,"isTest":false,"isJavaContent":false},{"kind":"binary","path":"C:\\Users\\514500\\.m2\\repository\\org\\springframework\\spring-webmvc\\4.2.4.RELEASE\\spring-webmvc-4.2.4.RELEASE.jar","sourceContainerUrl":"file:/C:/Users/514500/.m2/repository/org/springframework/spring-webmvc/4.2.4.RELEASE/spring-webmvc-4.2.4.RELEASE-sources.jar","javadocContainerUrl":"file:/C:/Users/514500/.m2/repository/org/springframework/spring-webmvc/4.2.4.RELEASE/spring-webmvc-4.2.4.RELEASE-javadoc.jar","isSystem":false,"isOwn":false,"isTest":false,"isJavaContent":false},{"kind":"binary","path":"C:\\Users\\514500\\.m2\\repository\\org\\springframework\\spring-expression\\4.2.4.RELEASE\\spring-expression-4.2.4.RELEASE.jar","sourceContainerUrl":"file:/C:/Users/514500/.m2/repository/org/springframework/spring-expression/4.2.4.RELEASE/spring-expression-4.2.4.RELEASE-sources.jar","javadocContainerUrl":"file:/C:/Users/514500/.m2/repository/org/springframework/spring-expression/4.2.4.RELEASE/spring-expression-4.2.4.RELEASE-javadoc.jar","isSystem":false,"isOwn":false,"isTest":false,"isJavaContent":false},{"kind":"binary","path":"C:\\Users\\514500\\.m2\\repository\\org\\springframework\\boot\\spring-boot-starter-data-jpa\\1.3.1.RELEASE\\spring-boot-starter-data-jpa-1.3.1.RELEASE.jar","sourceContainerUrl":"file:/C:/Users/514500/.m2/repository/org/springframework/boot/spring-boot-starter-data-jpa/1.3.1.RELEASE/spring-boot-starter-data-jpa-1.3.1.RELEASE-sources.jar","isSystem":false,"isOwn":false,"isTest":false,"isJavaContent":false},{"kind":"binary","path":"C:\\Users\\514500\\.m2\\repository\\org\\springframework\\boot\\spring-boot-starter-aop\\1.3.1.RELEASE\\spring-boot-starter-aop-1.3.1.RELEASE.jar","sourceContainerUrl":"file:/C:/Users/514500/.m2/repository/org/springframework/boot/spring-boot-starter-aop/1.3.1.RELEASE/spring-boot-starter-aop-1.3.1.RELEASE-sources.jar","isSystem":false,"isOwn":false,"isTest":false,"isJavaContent":false},{"kind":"binary","path":"C:\\Users\\514500\\.m2\\repository\\org\\aspectj\\aspectjweaver\\1.8.7\\aspectjweaver-1.8.7.jar","sourceContainerUrl":"file:/C:/Users/514500/.m2/repository/org/aspectj/aspectjweaver/1.8.7/aspectjweaver-1.8.7-sources.jar","javadocContainerUrl":"file:/C:/Users/514500/.m2/repository/org/aspectj/aspectjweaver/1.8.7/aspectjweaver-1.8.7-javadoc.jar","isSystem":false,"isOwn":false,"isTest":false,"isJavaContent":false},{"kind":"binary","path":"C:\\Users\\514500\\.m2\\repository\\org\\springframework\\boot\\spring-boot-starter-jdbc\\1.3.1.RELEASE\\spring-boot-starter-jdbc-1.3.1.RELEASE.jar","sourceContainerUrl":"file:/C:/Users/514500/.m2/repository/org/springframework/boot/spring-boot-starter-jdbc/1.3.1.RELEASE/spring-boot-starter-jdbc-1.3.1.RELEASE-sources.jar","isSystem":false,"isOwn":false,"isTest":false,"isJavaContent":false},{"kind":"binary","path":"C:\\Users\\514500\\.m2\\repository\\org\\apache\\tomcat\\tomcat-jdbc\\8.0.30\\tomcat-jdbc-8.0.30.jar","sourceContainerUrl":"file:/C:/Users/514500/.m2/repository/org/apache/tomcat/tomcat-jdbc/8.0.30/tomcat-jdbc-8.0.30-sources.jar","isSystem":false,"isOwn":false,"isTest":false,"isJavaContent":false},{"kind":"binary","path":"C:\\Users\\514500\\.m2\\repository\\org\\apache\\tomcat\\tomcat-juli\\8.0.30\\tomcat-juli-8.0.30.jar","sourceContainerUrl":"file:/C:/Users/514500/.m2/repository/org/apache/tomcat/tomcat-juli/8.0.30/tomcat-juli-8.0.30-sources.jar","isSystem":false,"isOwn":false,"isTest":false,"isJavaContent":false},{"kind":"binary","path":"C:\\Users\\514500\\.m2\\repository\\org\\springframework\\spring-jdbc\\4.2.4.RELEASE\\spring-jdbc-4.2.4.RELEASE.jar","sourceContainerUrl":"file:/C:/Users/514500/.m2/repository/org/springframework/spring-jdbc/4.2.4.RELEASE/spring-jdbc-4.2.4.RELEASE-sources.jar","javadocContainerUrl":"file:/C:/Users/514500/.m2/repository/org/springframework/spring-jdbc/4.2.4.RELEASE/spring-jdbc-4.2.4.RELEASE-javadoc.jar","isSystem":false,"isOwn":false,"isTest":false,"isJavaContent":false},{"kind":"binary","path":"C:\\Users\\514500\\.m2\\repository\\org\\hibernate\\hibernate-entitymanager\\4.3.11.Final\\hibernate-entitymanager-4.3.11.Final.jar","sourceContainerUrl":"file:/C:/Users/514500/.m2/repository/org/hibernate/hibernate-entitymanager/4.3.11.Final/hibernate-entitymanager-4.3.11.Final-sources.jar","isSystem":false,"isOwn":false,"isTest":false,"isJavaContent":false},{"kind":"binary","path":"C:\\Users\\514500\\.m2\\repository\\org\\jboss\\logging\\jboss-logging\\3.3.0.Final\\jboss-logging-3.3.0.Final.jar","sourceContainerUrl":"file:/C:/Users/514500/.m2/repository/org/jboss/logging/jboss-logging/3.3.0.Final/jboss-logging-3.3.0.Final-sources.jar","javadocContainerUrl":"file:/C:/Users/514500/.m2/repository/org/jboss/logging/jboss-logging/3.3.0.Final/jboss-logging-3.3.0.Final-javadoc.jar","isSystem":false,"isOwn":false,"isTest":false,"isJavaContent":false},{"kind":"binary","path":"C:\\Users\\514500\\.m2\\repository\\org\\jboss\\logging\\jboss-logging-annotations\\1.2.0.Beta1\\jboss-logging-annotations-1.2.0.Beta1.jar","sourceContainerUrl":"file:/C:/Users/514500/.m2/repository/org/jboss/logging/jboss-logging-annotations/1.2.0.Beta1/jboss-logging-annotations-1.2.0.Beta1-sources.jar","javadocContainerUrl":"file:/C:/Users/514500/.m2/repository/org/jboss/logging/jboss-logging-annotations/1.2.0.Beta1/jboss-logging-annotations-1.2.0.Beta1-javadoc.jar","isSystem":false,"isOwn":false,"isTest":false,"isJavaContent":false},{"kind":"binary","path":"C:\\Users\\514500\\.m2\\repository\\org\\hibernate\\hibernate-core\\4.3.11.Final\\hibernate-core-4.3.11.Final.jar","sourceContainerUrl":"file:/C:/Users/514500/.m2/repository/org/hibernate/hibernate-core/4.3.11.Final/hibernate-core-4.3.11.Final-sources.jar","isSystem":false,"isOwn":false,"isTest":false,"isJavaContent":false},{"kind":"binary","path":"C:\\Users\\514500\\.m2\\repository\\antlr\\antlr\\2.7.7\\antlr-2.7.7.jar","isSystem":false,"isOwn":false,"isTest":false,"isJavaContent":false},{"kind":"binary","path":"C:\\Users\\514500\\.m2\\repository\\org\\jboss\\jandex\\1.1.0.Final\\jandex-1.1.0.Final.jar","sourceContainerUrl":"file:/C:/Users/514500/.m2/repository/org/jboss/jandex/1.1.0.Final/jandex-1.1.0.Final-sources.jar","isSystem":false,"isOwn":false,"isTest":false,"isJavaContent":false},{"kind":"binary","path":"C:\\Users\\514500\\.m2\\repository\\dom4j\\dom4j\\1.6.1\\dom4j-1.6.1.jar","sourceContainerUrl":"file:/C:/Users/514500/.m2/repository/dom4j/dom4j/1.6.1/dom4j-1.6.1-sources.jar","isSystem":false,"isOwn":false,"isTest":false,"isJavaContent":false},{"kind":"binary","path":"C:\\Users\\514500\\.m2\\repository\\xml-apis\\xml-apis\\1.0.b2\\xml-apis-1.0.b2.jar","sourceContainerUrl":"file:/C:/Users/514500/.m2/repository/xml-apis/xml-apis/1.0.b2/xml-apis-1.0.b2-sources.jar","isSystem":false,"isOwn":false,"isTest":false,"isJavaContent":false},{"kind":"binary","path":"C:\\Users\\514500\\.m2\\repository\\org\\hibernate\\common\\hibernate-commons-annotations\\4.0.5.Final\\hibernate-commons-annotations-4.0.5.Final.jar","sourceContainerUrl":"file:/C:/Users/514500/.m2/repository/org/hibernate/common/hibernate-commons-annotations/4.0.5.Final/hibernate-commons-annotations-4.0.5.Final-sources.jar","isSystem":false,"isOwn":false,"isTest":false,"isJavaContent":false},{"kind":"binary","path":"C:\\Users\\514500\\.m2\\repository\\org\\hibernate\\javax\\persistence\\hibernate-jpa-2.1-api\\1.0.0.Final\\hibernate-jpa-2.1-api-1.0.0.Final.jar","sourceContainerUrl":"file:/C:/Users/514500/.m2/repository/org/hibernate/javax/persistence/hibernate-jpa-2.1-api/1.0.0.Final/hibernate-jpa-2.1-api-1.0.0.Final-sources.jar","javadocContainerUrl":"file:/C:/Users/514500/.m2/repository/org/hibernate/javax/persistence/hibernate-jpa-2.1-api/1.0.0.Final/hibernate-jpa-2.1-api-1.0.0.Final-javadoc.jar","isSystem":false,"isOwn":false,"isTest":false,"isJavaContent":false},{"kind":"binary","path":"C:\\Users\\514500\\.m2\\repository\\org\\javassist\\javassist\\3.18.1-GA\\javassist-3.18.1-GA.jar","sourceContainerUrl":"file:/C:/Users/514500/.m2/repository/org/javassist/javassist/3.18.1-GA/javassist-3.18.1-GA-sources.jar","javadocContainerUrl":"file:/C:/Users/514500/.m2/repository/org/javassist/javassist/3.18.1-GA/javassist-3.18.1-GA-javadoc.jar","isSystem":false,"isOwn":false,"isTest":false,"isJavaContent":false},{"kind":"binary","path":"C:\\Users\\514500\\.m2\\repository\\javax\\transaction\\javax.transaction-api\\1.2\\javax.transaction-api-1.2.jar","sourceContainerUrl":"file:/C:/Users/514500/.m2/repository/javax/transaction/javax.transaction-api/1.2/javax.transaction-api-1.2-sources.jar","javadocContainerUrl":"file:/C:/Users/514500/.m2/repository/javax/transaction/javax.transaction-api/1.2/javax.transaction-api-1.2-javadoc.jar","isSystem":false,"isOwn":false,"isTest":false,"isJavaContent":false},{"kind":"binary","path":"C:\\Users\\514500\\.m2\\repository\\org\\springframework\\data\\spring-data-jpa\\1.9.2.RELEASE\\spring-data-jpa-1.9.2.RELEASE.jar","sourceContainerUrl":"file:/C:/Users/514500/.m2/repository/org/springframework/data/spring-data-jpa/1.9.2.RELEASE/spring-data-jpa-1.9.2.RELEASE-sources.jar","javadocContainerUrl":"file:/C:/Users/514500/.m2/repository/org/springframework/data/spring-data-jpa/1.9.2.RELEASE/spring-data-jpa-1.9.2.RELEASE-javadoc.jar","isSystem":false,"isOwn":false,"isTest":false,"isJavaContent":false},{"kind":"binary","path":"C:\\Users\\514500\\.m2\\repository\\org\\springframework\\data\\spring-data-commons\\1.11.2.RELEASE\\spring-data-commons-1.11.2.RELEASE.jar","sourceContainerUrl":"file:/C:/Users/514500/.m2/repository/org/springframework/data/spring-data-commons/1.11.2.RELEASE/spring-data-commons-1.11.2.RELEASE-sources.jar","javadocContainerUrl":"file:/C:/Users/514500/.m2/repository/org/springframework/data/spring-data-commons/1.11.2.RELEASE/spring-data-commons-1.11.2.RELEASE-javadoc.jar","isSystem":false,"isOwn":false,"isTest":false,"isJavaContent":false},{"kind":"binary","path":"C:\\Users\\514500\\.m2\\repository\\org\\springframework\\spring-orm\\4.2.4.RELEASE\\spring-orm-4.2.4.RELEASE.jar","sourceContainerUrl":"file:/C:/Users/514500/.m2/repository/org/springframework/spring-orm/4.2.4.RELEASE/spring-orm-4.2.4.RELEASE-sources.jar","javadocContainerUrl":"file:/C:/Users/514500/.m2/repository/org/springframework/spring-orm/4.2.4.RELEASE/spring-orm-4.2.4.RELEASE-javadoc.jar","isSystem":false,"isOwn":false,"isTest":false,"isJavaContent":false},{"kind":"binary","path":"C:\\Users\\514500\\.m2\\repository\\org\\springframework\\spring-tx\\4.2.4.RELEASE\\spring-tx-4.2.4.RELEASE.jar","sourceContainerUrl":"file:/C:/Users/514500/.m2/repository/org/springframework/spring-tx/4.2.4.RELEASE/spring-tx-4.2.4.RELEASE-sources.jar","javadocContainerUrl":"file:/C:/Users/514500/.m2/repository/org/springframework/spring-tx/4.2.4.RELEASE/spring-tx-4.2.4.RELEASE-javadoc.jar","isSystem":false,"isOwn":false,"isTest":false,"isJavaContent":false},{"kind":"binary","path":"C:\\Users\\514500\\.m2\\repository\\org\\slf4j\\slf4j-api\\1.7.13\\slf4j-api-1.7.13.jar","sourceContainerUrl":"file:/C:/Users/514500/.m2/repository/org/slf4j/slf4j-api/1.7.13/slf4j-api-1.7.13-sources.jar","javadocContainerUrl":"file:/C:/Users/514500/.m2/repository/org/slf4j/slf4j-api/1.7.13/slf4j-api-1.7.13-javadoc.jar","isSystem":false,"isOwn":false,"isTest":false,"isJavaContent":false},{"kind":"binary","path":"C:\\Users\\514500\\.m2\\repository\\org\\slf4j\\jcl-over-slf4j\\1.7.13\\jcl-over-slf4j-1.7.13.jar","sourceContainerUrl":"file:/C:/Users/514500/.m2/repository/org/slf4j/jcl-over-slf4j/1.7.13/jcl-over-slf4j-1.7.13-sources.jar","javadocContainerUrl":"file:/C:/Users/514500/.m2/repository/org/slf4j/jcl-over-slf4j/1.7.13/jcl-over-slf4j-1.7.13-javadoc.jar","isSystem":false,"isOwn":false,"isTest":false,"isJavaContent":false},{"kind":"binary","path":"C:\\Users\\514500\\.m2\\repository\\org\\springframework\\spring-aspects\\4.2.4.RELEASE\\spring-aspects-4.2.4.RELEASE.jar","sourceContainerUrl":"file:/C:/Users/514500/.m2/repository/org/springframework/spring-aspects/4.2.4.RELEASE/spring-aspects-4.2.4.RELEASE-sources.jar","javadocContainerUrl":"file:/C:/Users/514500/.m2/repository/org/springframework/spring-aspects/4.2.4.RELEASE/spring-aspects-4.2.4.RELEASE-javadoc.jar","isSystem":false,"isOwn":false,"isTest":false,"isJavaContent":false},{"kind":"binary","path":"C:\\Users\\514500\\.m2\\repository\\com\\h2database\\h2\\1.4.190\\h2-1.4.190.jar","sourceContainerUrl":"file:/C:/Users/514500/.m2/repository/com/h2database/h2/1.4.190/h2-1.4.190-sources.jar","javadocContainerUrl":"file:/C:/Users/514500/.m2/repository/com/h2database/h2/1.4.190/h2-1.4.190-javadoc.jar","isSystem":false,"isOwn":false,"isTest":false,"isJavaContent":false},{"kind":"binary","path":"C:\\Users\\514500\\.m2\\repository\\junit\\junit\\3.8.1\\junit-3.8.1.jar","sourceContainerUrl":"file:/C:/Users/514500/.m2/repository/junit/junit/3.8.1/junit-3.8.1-sources.jar","isSystem":false,"isOwn":false,"isTest":false,"isJavaContent":false},{"kind":"source","path":"C:\\Users\\514500\\Documents\\workspace-sts\\das-boot\\src\\main\\java","outputFolder":"C:\\Users\\514500\\Documents\\workspace-sts\\das-boot\\target\\classes","javadocContainerUrl":"file:/C:/Users/514500/Documents/workspace-sts/das-boot/target/site/apidocs","isSystem":false,"isOwn":true,"isTest":false,"isJavaContent":true},{"kind":"source","path":"C:\\Users\\514500\\Documents\\workspace-sts\\das-boot\\src\\test\\java","outputFolder":"C:\\Users\\514500\\Documents\\workspace-sts\\das-boot\\target\\test-classes","javadocContainerUrl":"file:/C:/Users/514500/Documents/workspace-sts/das-boot/target/site/apidocs","isSystem":false,"isOwn":true,"isTest":true,"isJavaContent":true},{"kind":"source","path":"C:\\Users\\514500\\Documents\\workspace-sts\\das-boot\\src\\main\\resources","outputFolder":"C:\\Users\\514500\\Documents\\workspace-sts\\das-boot\\target\\classes","isSystem":false,"isOwn":true,"isTest":false,"isJavaContent":false},{"kind":"source","path":"C:\\Users\\514500\\Documents\\workspace-sts\\das-boot\\src\\test\\resources","outputFolder":"C:\\Users\\514500\\Documents\\workspace-sts\\das-boot\\target\\test-classes","isSystem":false,"isOwn":true,"isTest":true,"isJavaContent":false},{"kind":"source","path":"C:\\Users\\514500\\Documents\\workspace-sts\\das-boot\\src\\test\\java","outputFolder":"C:\\Users\\514500\\Documents\\workspace-sts\\das-boot\\target\\test-classes","javadocContainerUrl":"file:/C:/Users/514500/Documents/workspace-sts/das-boot/target/site/apidocs","isSystem":false,"isOwn":true,"isTest":false,"isJavaContent":false}]}