{"properties": [
  {
    "name": "datasource.flyway.password",
    "type": "java.lang.String",
    "description": "A description for 'datasource.flyway.password'"
  },
  {
    "name": "datasource.flyway.url",
    "type": "java.lang.String",
    "description": "A description for 'datasource.flyway.url'"
  },
  {
    "name": "datasource.flyway.username",
    "type": "java.lang.String",
    "description": "A description for 'datasource.flyway.username'"
  },
  {
    "name": "datasource.flyway.driver-class-name",
    "type": "java.lang.String",
    "description": "A description for 'datasource.flyway.driver-class-name'"
  }
]}